 {"Data": [
        {
            "undefined": "1",
            "X1": "20000",
            "X2": "2",
            "X3": "2",
            "X4": "1",
            "X5": "24",
            "X6": "2",
            "X7": "2",
            "X8": "-1",
            "X9": "-1",
            "X10": "-2",
            "X11": "-2",
            "X12": "3913",
            "X13": "3102",
            "X14": "689",
            "X15": "0",
            "X16": "0",
            "X17": "0",
            "X18": "0",
            "X19": "689",
            "X20": "0",
            "X21": "0",
            "X22": "0",
            "X23": "0",
            "Y": "1"
        },
        {
            "undefined": "2",
            "X1": "120000",
            "X2": "2",
            "X3": "2",
            "X4": "2",
            "X5": "26",
            "X6": "-1",
            "X7": "2",
            "X8": "0",
            "X9": "0",
            "X10": "0",
            "X11": "2",
            "X12": "2682",
            "X13": "1725",
            "X14": "2682",
            "X15": "3272",
            "X16": "3455",
            "X17": "3261",
            "X18": "0",
            "X19": "1000",
            "X20": "1000",
            "X21": "1000",
            "X22": "0",
            "X23": "2000",
            "Y": "1"
        }    ]
}