{"MSFT": {"Price": "178.", "Status": "POSITIVE", "ROI": "1.20"}, "AAPL": {"Price": "313.", "Status": "NEGATIVE", "ROI": "0.54"}, "INN": {"Price": "11.3", "Status": "POSITIVE", "ROI": "1.87"}, "GM": {"Price": "34.6", "Status": "NEGATIVE", "ROI": "0.94"}, "INTC": {"Price": "64.3", "Status": "POSITIVE", "ROI": "1.58"}, "BAC": {"Price": "34.3", "Status": "NEGATIVE", "ROI": "0.96"}, "FB": {"Price": "210.", "Status": "POSITIVE", "ROI": "1.57"}, "TCEHY": {"Price": "51.4", "Status": "POSITIVE", "ROI": "1.89"}, "O": {"Price": "82.4", "Status": "POSITIVE", "ROI": "1.68"}, "X": {"Price": "9.43", "Status": "NEGATIVE", "ROI": "0.82"}, "AKS": {"Price": "2.81", "Status": "POSITIVE", "ROI": "1.06"}, "T": {"Price": "38.5", "Status": "NEGATIVE", "ROI": "0.88"}, "VZ": {"Price": "58.2", "Status": "POSITIVE", "ROI": "1.47"}, "YPF": {"Price": "9.59", "Status": "POSITIVE", "ROI": "1.08"}, "GNC": {"Price": "2.20", "Status": "POSITIVE", "ROI": "1.48"}, "COF": {"Price": "101.", "Status": "POSITIVE", "ROI": "1.27"}, "MT": {"Price": "16.2", "Status": "POSITIVE", "ROI": "1.41"}, "LYG": {"Price": "2.82", "Status": "POSITIVE", "ROI": "1.45"}, "DIS": {"Price": "138.", "Status": "NEGATIVE", "ROI": "0.82"}, "GOOGL": {"Price": "1483", "Status": "POSITIVE", "ROI": "1.79"}, "GEO": {"Price": "17.3", "Status": "POSITIVE", "ROI": "1.20"}, "BRX": {"Price": "20.3", "Status": "POSITIVE", "ROI": "1.06"}, "HST": {"Price": "17.3", "Status": "POSITIVE", "ROI": "1.46"}, "GE": {"Price": "12.2", "Status": "NEGATIVE", "ROI": "0.59"}, "RAD": {"Price": "16.0", "Status": "POSITIVE", "ROI": "1.32"}, "SBUX": {"Price": "87.3", "Status": "NEGATIVE", "ROI": "0.77"}, "AMZN": {"Price": "2095", "Status": "POSITIVE", "ROI": "1.79"}, "PIN": {"Price": "19.6", "Status": "POSITIVE", "ROI": "1.53"}, "AMD": {"Price": "53.2", "Status": "POSITIVE", "ROI": "1.34"}, "KHZ": {"Price": "1.29", "Status": "NEGATIVE", "ROI": "0.50"}, "CSCO": {"Price": "46.2", "Status": "POSITIVE", "ROI": "1.80"}, "F": {"Price": "7.88", "Status": "POSITIVE", "ROI": "1.70"}, "MRO": {"Price": "10.1", "Status": "NEGATIVE", "ROI": "0.82"}, "CTL": {"Price": "13.2", "Status": "POSITIVE", "ROI": "1.22"}, "MU": {"Price": "56.9", "Status": "POSITIVE", "ROI": "1.12"}, "TSLA": {"Price": "901.", "Status": "NEGATIVE", "ROI": "0.93"}, "ACB": {"Price": "1.66", "Status": "POSITIVE", "ROI": "1.71"}, "PLUG": {"Price": "5.57", "Status": "POSITIVE", "ROI": "1.18"}, "GPRO": {"Price": "3.90", "Status": "POSITIVE", "ROI": "1.14"}, "FIT": {"Price": "6.44", "Status": "NEGATIVE", "ROI": "0.59"}, "SNAP": {"Price": "16.7", "Status": "POSITIVE", "ROI": "1.69"}, "CRON": {"Price": "7.15", "Status": "POSITIVE", "ROI": "1.95"}, "HEXO": {"Price": "1.40", "Status": "NEGATIVE", "ROI": "0.97"}, "S": {"Price": "10.0", "Status": "POSITIVE", "ROI": "1.63"}}