{"MSFT": {"isIndexFund": "no", "colN": 2, "PE Ratio (TTM)": "31.11", "Bid": "178.18 x 1400", "Gross Profit": "90,903,000", "Net Income": "44,323,000", "Maincraft": "-", "Total Current Assets": "175,552,000", "Total Assets": "286,556,000", "Net Tangible Assets": "-", "Total Liabilities": "184,226,000", "Current Qtr.": "16.70%", "Next Qtr.": "6.60%", "Current Year": "19.60%", "Next 5 Years (per annum)": "14.86%", "Forward Dividend & Yield": "-"}, "INN": {"isIndexFund": "no", "colN": 3, "PE Ratio (TTM)": "18.35", "Bid": "11.31 x 1200", "Gross Profit": "217,271", "Net Income": "79,124", "Maincraft": "-", "Total Current Assets": "104,278", "Total Assets": "2,222,297", "Net Tangible Assets": "-", "Total Liabilities": "1,030,153", "Current Qtr.": "-93.90%", "Next Qtr.": "100.00%", "Current Year": "-10.10%", "Next 5 Years (per annum)": "N/A", "Forward Dividend & Yield": "-"}, "GM": {"isIndexFund": "no", "colN": 4, "PE Ratio (TTM)": "7.58", "Bid": "34.55 x 2900", "Gross Profit": "28,212,000", "Net Income": "8,970,000", "Maincraft": "-", "Total Current Assets": "74,992,000", "Total Assets": "228,037,000", "Net Tangible Assets": "-", "Total Liabilities": "182,080,000", "Current Qtr.": "-18.40%", "Next Qtr.": "-19.50%", "Current Year": "24.70%", "Next 5 Years (per annum)": "8.48%", "Forward Dividend & Yield": "-"}, "INTC": {"isIndexFund": "no", "colN": 5, "PE Ratio (TTM)": "13.66", "Bid": "64.25 x 2200", "Gross Profit": "42,140,000", "Net Income": "21,048,000", "Maincraft": "-", "Total Current Assets": "31,239,000", "Total Assets": "136,524,000", "Net Tangible Assets": "-", "Total Liabilities": "58,865,000", "Current Qtr.": "48.30%", "Next Qtr.": "18.90%", "Current Year": "3.10%", "Next 5 Years (per annum)": "9.06%", "Forward Dividend & Yield": "-"}, "BAC": {"isIndexFund": "no", "colN": 6, "PE Ratio (TTM)": "12.49", "Bid": "34.36 x 47300", "Gross Profit": "Operating Expenses", "Net Income": "27,430,000", "Maincraft": "-", "Total Current Assets": "Non-current assets", "Total Assets": "2,434,079,000", "Net Tangible Assets": "-", "Total Liabilities": "2,169,269,000", "Current Qtr.": "2.90%", "Next Qtr.": "2.70%", "Current Year": "10.20%", "Next 5 Years (per annum)": "6.28%", "Forward Dividend & Yield": "-"}, "FB": {"isIndexFund": "no", "colN": 7, "PE Ratio (TTM)": "32.69", "Bid": "210.00 x 900", "Gross Profit": "54,454,000", "Net Income": "18,018,000", "Maincraft": "-", "Total Current Assets": "66,225,000", "Total Assets": "133,376,000", "Net Tangible Assets": "-", "Total Liabilities": "32,322,000", "Current Qtr.": "128.20%", "Next Qtr.": "129.70%", "Current Year": "41.70%", "Next 5 Years (per annum)": "13.20%", "Forward Dividend & Yield": "-"}, "NVIDIA": {"isIndexFund": "no", "colN": 8, "PE Ratio (TTM)": "-", "Bid": "-", "Gross Profit": "-", "Net Income": "-", "Maincraft": "-", "Total Current Assets": "-", "Total Assets": "-", "Net Tangible Assets": "-", "Total Liabilities": "-", "Current Qtr.": "-", "Next Qtr.": "-", "Current Year": "-", "Next 5 Years (per annum)": "-", "Forward Dividend & Yield": "-"}, "TCEHY": {"isIndexFund": "no", "colN": 9, "PE Ratio (TTM)": "37.99", "Bid": "Ask", "Gross Profit": "149,578,000", "Net Income": "88,908,000", "Maincraft": "-", "Total Current Assets": "217,080,000", "Total Assets": "723,521,000", "Net Tangible Assets": "-", "Total Liabilities": "367,314,000", "Current Qtr.": "68.20%", "Next Qtr.": "25.00%", "Current Year": "16.00%", "Next 5 Years (per annum)": "2.96%", "Forward Dividend & Yield": "-"}, "AAPL": {"isIndexFund": "no", "colN": 10, "PE Ratio (TTM)": "24.86", "Bid": "312.10 x 3000", "Gross Profit": "101,578,000", "Net Income": "57,527,000", "Maincraft": "-", "Total Current Assets": "162,819,000", "Total Assets": "338,516,000", "Net Tangible Assets": "-", "Total Liabilities": "248,028,000", "Current Qtr.": "15.40%", "Next Qtr.": "16.50%", "Current Year": "15.70%", "Next 5 Years (per annum)": "12.11%", "Forward Dividend & Yield": "-"}, "O": {"isIndexFund": "no", "colN": 11, "PE Ratio (TTM)": "59.65", "Bid": "82.22 x 800", "Gross Profit": "1,403,006", "Net Income": "436,482", "Maincraft": "-", "Total Current Assets": "332,755", "Total Assets": "18,554,796", "Net Tangible Assets": "-", "Total Liabilities": "8,750,638", "Current Qtr.": "17.20%", "Next Qtr.": "-2.70%", "Current Year": "4.80%", "Next 5 Years (per annum)": "5.45%", "Forward Dividend & Yield": "-"}, " ": {"isIndexFund": "no", "colN": 12, "PE Ratio (TTM)": "-", "Bid": "-", "Gross Profit": "-", "Net Income": "-", "Maincraft": "-", "Total Current Assets": "-", "Total Assets": "-", "Net Tangible Assets": "-", "Total Liabilities": "-", "Current Qtr.": "-", "Next Qtr.": "-", "Current Year": "-", "Next 5 Years (per annum)": "-", "Forward Dividend & Yield": "-"}, "X": {"isIndexFund": "no", "colN": 13, "PE Ratio (TTM)": "N/A", "Bid": "9.39 x 29200", "Gross Profit": "1,299,000", "Net Income": "630,000", "Maincraft": "-", "Total Current Assets": "3,813,000", "Total Assets": "11,643,000", "Net Tangible Assets": "-", "Total Liabilities": "7,562,000", "Current Qtr.": "-285.10%", "Next Qtr.": "-160.00%", "Current Year": "-1,577.80%", "Next 5 Years (per annum)": "38.65%", "Forward Dividend & Yield": "-"}, "AKS": {"isIndexFund": "no", "colN": 14, "PE Ratio (TTM)": "80.57", "Bid": "2.8300 x 47300", "Gross Profit": "753,100", "Net Income": "11,200", "Maincraft": "-", "Total Current Assets": "2,020,300", "Total Assets": "4,590,600", "Net Tangible Assets": "-", "Total Liabilities": "4,113,300", "Current Qtr.": "-162.50%", "Next Qtr.": "-82.60%", "Current Year": "-43.80%", "Next 5 Years (per annum)": "-27.95%", "Forward Dividend & Yield": "-"}, "T": {"isIndexFund": "no", "colN": 64, "PE Ratio (TTM)": "20.34", "Bid": "38.51 x 29200", "Gross Profit": "97,651,000", "Net Income": "16,367,000", "Maincraft": "-", "Total Current Assets": "54,828,000", "Total Assets": "551,951,000", "Net Tangible Assets": "-", "Total Liabilities": "350,017,000", "Current Qtr.": "1.20%", "Next Qtr.": "2.20%", "Current Year": "1.10%", "Next 5 Years (per annum)": "5.05%", "Forward Dividend & Yield": "-"}, "VZ": {"isIndexFund": "no", "colN": 16, "PE Ratio (TTM)": "12.52", "Bid": "58.11 x 4000", "Gross Profit": "77,142,000", "Net Income": "19,265,000", "Maincraft": "-", "Total Current Assets": "37,473,000", "Total Assets": "291,727,000", "Net Tangible Assets": "-", "Total Liabilities": "228,892,000", "Current Qtr.": "2.50%", "Next Qtr.": "1.60%", "Current Year": "2.70%", "Next 5 Years (per annum)": "3.60%", "Forward Dividend & Yield": "-"}, "YPF": {"isIndexFund": "no", "colN": 17, "PE Ratio (TTM)": "3.07", "Bid": "8.88 x 2900", "Gross Profit": "110,723,000", "Net Income": "-6,245,000", "Maincraft": "-", "Total Current Assets": "208,415,000", "Total Assets": "994,016,000", "Net Tangible Assets": "-", "Total Liabilities": "631,659,000", "Current Qtr.": "-106.70%", "Next Qtr.": "130.20%", "Current Year": "-127.40%", "Next 5 Years (per annum)": "-6.39%", "Forward Dividend & Yield": "-"}, "GNC": {"isIndexFund": "no", "colN": 18, "PE Ratio (TTM)": "4.33", "Bid": "2.2000 x 1800", "Gross Profit": "731,897", "Net Income": "57,217", "Maincraft": "-", "Total Current Assets": "804,164", "Total Assets": "1,527,850", "Net Tangible Assets": "-", "Total Liabilities": "1,543,356", "Current Qtr.": "123.10%", "Next Qtr.": "60.00%", "Current Year": "-11.80%", "Next 5 Years (per annum)": "-37.30%", "Forward Dividend & Yield": "-"}, "COF": {"isIndexFund": "no", "colN": 19, "PE Ratio (TTM)": "9.16", "Bid": "100.16 x 800", "Gross Profit": "Operating Expenses", "Net Income": "5,546,000", "Maincraft": "-", "Total Current Assets": "Non-current assets", "Total Assets": "390,365,000", "Net Tangible Assets": "-", "Total Liabilities": "332,354,000", "Current Qtr.": "0.70%", "Next Qtr.": "-7.70%", "Current Year": "6.20%", "Next 5 Years (per annum)": "8.00%", "Forward Dividend & Yield": "-"}, "MT": {"isIndexFund": "no", "colN": 20, "PE Ratio (TTM)": "N/A", "Bid": "16.27 x 3200", "Gross Profit": "67,548,000", "Net Income": "621,000", "Maincraft": "-", "Total Current Assets": "28,616,000", "Total Assets": "87,908,000", "Net Tangible Assets": "-", "Total Liabilities": "47,425,000", "Current Qtr.": "N/A", "Next Qtr.": "-113.20%", "Current Year": "-102.50%", "Next 5 Years (per annum)": "-21.75%", "Forward Dividend & Yield": "-"}, "LYG": {"isIndexFund": "no", "colN": 22, "PE Ratio (TTM)": "9.43", "Bid": "2.8200 x 800", "Gross Profit": "Operating Expenses", "Net Income": "2,925,000", "Maincraft": "-", "Total Current Assets": "Non-current assets", "Total Assets": "833,893,000", "Net Tangible Assets": "-", "Total Liabilities": "786,087,000", "Current Qtr.": "N/A", "Next Qtr.": "N/A", "Current Year": "N/A", "Next 5 Years (per annum)": "-11.70%", "Forward Dividend & Yield": "-"}, "DIS": {"isIndexFund": "no", "colN": 23, "PE Ratio (TTM)": "23.39", "Bid": "138.90 x 1000", "Gross Profit": "29,092,000", "Net Income": "10,373,000", "Maincraft": "-", "Total Current Assets": "28,124,000", "Total Assets": "193,984,000", "Net Tangible Assets": "-", "Total Liabilities": "100,095,000", "Current Qtr.": "-20.50%", "Next Qtr.": "-1.50%", "Current Year": "-6.80%", "Next 5 Years (per annum)": "3.06%", "Forward Dividend & Yield": "-"}, "GOOGL": {"isIndexFund": "no", "colN": 24, "PE Ratio (TTM)": "30.17", "Bid": "1,482.00 x 1200", "Gross Profit": "89,961,000", "Net Income": "34,343,000", "Maincraft": "-", "Total Current Assets": "152,578,000", "Total Assets": "275,909,000", "Net Tangible Assets": "-", "Total Liabilities": "74,467,000", "Current Qtr.": "28.60%", "Next Qtr.": "-5.70%", "Current Year": "9.70%", "Next 5 Years (per annum)": "4.80%", "Forward Dividend & Yield": "-"}, "DIA": {"isIndexFund": "yes", "colN": 26}, "SPY": {"isIndexFund": "yes", "colN": 27}, "VOO": {"isIndexFund": "yes", "colN": 28}, "VTI": {"isIndexFund": "yes", "colN": 29}, "GEO": {"isIndexFund": "no", "colN": 31, "PE Ratio (TTM)": "12.39", "Bid": "17.16 x 900", "Gross Profit": "617,164", "Net Income": "166,603", "Maincraft": "-", "Total Current Assets": "547,778", "Total Assets": "4,317,534", "Net Tangible Assets": "-", "Total Liabilities": "3,321,486", "Current Qtr.": "N/A", "Next Qtr.": "N/A", "Current Year": "N/A", "Next 5 Years (per annum)": "15.00%", "Forward Dividend & Yield": "-"}, "BRX": {"isIndexFund": "no", "colN": 32, "PE Ratio (TTM)": "22.13", "Bid": "19.90 x 4000", "Gross Profit": "875,528", "Net Income": "290,268", "Maincraft": "-", "Total Current Assets": "295,994", "Total Assets": "8,142,496", "Net Tangible Assets": "-", "Total Liabilities": "5,398,639", "Current Qtr.": "-4.80%", "Next Qtr.": "-13.00%", "Current Year": "-9.80%", "Next 5 Years (per annum)": "-5.09%", "Forward Dividend & Yield": "-"}, "HST": {"isIndexFund": "no", "colN": 33, "PE Ratio (TTM)": "13.79", "Bid": "17.31 x 1000", "Gross Profit": "1,816,000", "Net Income": "920,000", "Maincraft": "-", "Total Current Assets": "1,812,000", "Total Assets": "12,305,000", "Net Tangible Assets": "-", "Total Liabilities": "4,980,000", "Current Qtr.": "-70.00%", "Next Qtr.": "-20.00%", "Current Year": "-13.00%", "Next 5 Years (per annum)": "28.40%", "Forward Dividend & Yield": "-"}, "GE": {"isIndexFund": "no", "colN": 37, "PE Ratio (TTM)": "N/A", "Bid": "12.21 x 28000", "Gross Profit": "25,186,000", "Net Income": "-4,979,000", "Maincraft": "-", "Total Current Assets": "128,000,000", "Total Assets": "266,000,000", "Net Tangible Assets": "-", "Total Liabilities": "236,200,000", "Current Qtr.": "8.30%", "Next Qtr.": "-25.00%", "Current Year": "-7.70%", "Next 5 Years (per annum)": "7.70%", "Forward Dividend & Yield": "-"}, "RAD": {"isIndexFund": "no", "colN": 38, "PE Ratio (TTM)": "N/A", "Bid": "16.21 x 800", "Gross Profit": "4,624,501", "Net Income": "-400,432", "Maincraft": "-", "Total Current Assets": "4,101,719", "Total Assets": "7,591,367", "Net Tangible Assets": "-", "Total Liabilities": "6,404,677", "Current Qtr.": "25.00%", "Next Qtr.": "50.00%", "Current Year": "N/A", "Next 5 Years (per annum)": "-3.69%", "Forward Dividend & Yield": "-"}, "SBUX": {"isIndexFund": "no", "colN": 39, "PE Ratio (TTM)": "29.92", "Bid": "87.20 x 1400", "Gross Profit": "7,657,200", "Net Income": "3,724,300", "Maincraft": "-", "Total Current Assets": "5,653,900", "Total Assets": "19,219,600", "Net Tangible Assets": "-", "Total Liabilities": "25,450,600", "Current Qtr.": "-1.70%", "Next Qtr.": "5.10%", "Current Year": "6.00%", "Next 5 Years (per annum)": "10.58%", "Forward Dividend & Yield": "-"}, "AMZN": {"isIndexFund": "no", "colN": 40, "PE Ratio (TTM)": "91.09", "Bid": "2,091.05 x 1400", "Gross Profit": "74,754,000", "Net Income": "11,588,000", "Maincraft": "-", "Total Current Assets": "96,334,000", "Total Assets": "225,248,000", "Net Tangible Assets": "-", "Total Liabilities": "163,188,000", "Current Qtr.": "-9.30%", "Next Qtr.": "20.70%", "Current Year": "24.90%", "Next 5 Years (per annum)": "30.07%", "Forward Dividend & Yield": "-"}, "WFT": {"isIndexFund": "no", "colN": 41, "PE Ratio (TTM)": "-", "Bid": "-", "Gross Profit": "-", "Net Income": "-", "Maincraft": "-", "Total Current Assets": "-", "Total Assets": "-", "Net Tangible Assets": "-", "Total Liabilities": "-", "Current Qtr.": "-", "Next Qtr.": "-", "Current Year": "-", "Next 5 Years (per annum)": "-", "Forward Dividend & Yield": "-"}, "PIN": {"isIndexFund": "no", "colN": 42, "PE Ratio (TTM)": "N/A", "Bid": "19.59 x 800", "Gross Profit": "-", "Net Income": "-", "Maincraft": "-", "Total Current Assets": "-", "Total Assets": "-", "Net Tangible Assets": "-", "Total Liabilities": "-", "Current Qtr.": "-", "Next Qtr.": "-", "Current Year": "-", "Next 5 Years (per annum)": "-", "Forward Dividend & Yield": "-"}, "AMD": {"isIndexFund": "no", "colN": 43, "PE Ratio (TTM)": "177.60", "Bid": "53.05 x 1300", "Gross Profit": "2,456,000", "Net Income": "209,000", "Maincraft": "-", "Total Current Assets": "4,597,000", "Total Assets": "6,028,000", "Net Tangible Assets": "-", "Total Liabilities": "3,201,000", "Current Qtr.": "216.70%", "Next Qtr.": "175.00%", "Current Year": "79.70%", "Next 5 Years (per annum)": "35.68%", "Forward Dividend & Yield": "-"}, "KHZ": {"isIndexFund": "no", "colN": 47, "PE Ratio (TTM)": "-", "Bid": "-", "Gross Profit": "-", "Net Income": "-", "Maincraft": "-", "Total Current Assets": "-", "Total Assets": "-", "Net Tangible Assets": "-", "Total Liabilities": "-", "Current Qtr.": "-", "Next Qtr.": "-", "Current Year": "-", "Next 5 Years (per annum)": "-", "Forward Dividend & Yield": "-"}, "CSCO": {"isIndexFund": "no", "colN": 48, "PE Ratio (TTM)": "18.06", "Bid": "46.23 x 21500", "Gross Profit": "32,975,000", "Net Income": "11,054,000", "Maincraft": "-", "Total Current Assets": "47,755,000", "Total Assets": "97,793,000", "Net Tangible Assets": "-", "Total Liabilities": "64,222,000", "Current Qtr.": "2.60%", "Next Qtr.": "N/A", "Current Year": "4.80%", "Next 5 Years (per annum)": "6.87%", "Forward Dividend & Yield": "-"}, "F": {"isIndexFund": "no", "colN": 49, "PE Ratio (TTM)": "789.00", "Bid": "7.91 x 306000", "Gross Profit": "21,207,000", "Net Income": "47,000", "Maincraft": "-", "Total Current Assets": "114,047,000", "Total Assets": "258,537,000", "Net Tangible Assets": "-", "Total Liabilities": "225,307,000", "Current Qtr.": "-50.00%", "Next Qtr.": "-3.60%", "Current Year": "-10.10%", "Next 5 Years (per annum)": "-7.28%", "Forward Dividend & Yield": "-"}, "MRO": {"isIndexFund": "no", "colN": 50, "PE Ratio (TTM)": "17.14", "Bid": "10.11 x 1000", "Gross Profit": "1,721,000", "Net Income": "890,000", "Maincraft": "-", "Total Current Assets": "2,921,000", "Total Assets": "21,321,000", "Net Tangible Assets": "-", "Total Liabilities": "9,193,000", "Current Qtr.": "-71.00%", "Next Qtr.": "-60.90%", "Current Year": "-33.30%", "Next 5 Years (per annum)": "3.77%", "Forward Dividend & Yield": "-"}, "CTL": {"isIndexFund": "no", "colN": 51, "PE Ratio (TTM)": "N/A", "Bid": "13.22 x 1000", "Gross Profit": "12,396,000", "Net Income": "-7,904,000", "Maincraft": "-", "Total Current Assets": "4,768,000", "Total Assets": "64,742,000", "Net Tangible Assets": "-", "Total Liabilities": "51,272,000", "Current Qtr.": "2.90%", "Next Qtr.": "11.80%", "Current Year": "8.30%", "Next 5 Years (per annum)": "7.40%", "Forward Dividend & Yield": "-"}, "MU": {"isIndexFund": "no", "colN": 52, "PE Ratio (TTM)": "18.49", "Bid": "56.82 x 800", "Gross Profit": "-", "Net Income": "-", "Maincraft": "-", "Total Current Assets": "-", "Total Assets": "-", "Net Tangible Assets": "-", "Total Liabilities": "-", "Current Qtr.": "-78.90%", "Next Qtr.": "-46.70%", "Current Year": "-63.30%", "Next 5 Years (per annum)": "-29.47%", "Forward Dividend & Yield": "-"}, "TSLA": {"isIndexFund": "no", "colN": 53, "PE Ratio (TTM)": "N/A", "Bid": "899.50 x 800", "Gross Profit": "-", "Net Income": "-", "Maincraft": "-", "Total Current Assets": "-", "Total Assets": "-", "Net Tangible Assets": "-", "Total Liabilities": "-", "Current Qtr.": "122.80%", "Next Qtr.": "257.10%", "Current Year": "3,940.00%", "Next 5 Years (per annum)": "35.00%", "Forward Dividend & Yield": "-"}, "ACB": {"isIndexFund": "no", "colN": 56, "PE Ratio (TTM)": "7.73", "Bid": "1.6600 x 47300", "Gross Profit": "-", "Net Income": "-", "Maincraft": "-", "Total Current Assets": "-", "Total Assets": "-", "Net Tangible Assets": "-", "Total Liabilities": "-", "Current Qtr.": "-", "Next Qtr.": "-", "Current Year": "-", "Next 5 Years (per annum)": "-", "Forward Dividend & Yield": "-"}, "PLUG": {"isIndexFund": "no", "colN": 60, "PE Ratio (TTM)": "N/A", "Bid": "5.60 x 39400", "Gross Profit": "-", "Net Income": "-", "Maincraft": "-", "Total Current Assets": "-", "Total Assets": "-", "Net Tangible Assets": "-", "Total Liabilities": "-", "Current Qtr.": "25.00%", "Next Qtr.": "40.00%", "Current Year": "-5.60%", "Next 5 Years (per annum)": "25.00%", "Forward Dividend & Yield": "-"}, "GPRO": {"isIndexFund": "no", "colN": 58, "PE Ratio (TTM)": "N/A", "Bid": "3.9100 x 36200", "Gross Profit": "-", "Net Income": "-", "Maincraft": "-", "Total Current Assets": "-", "Total Assets": "-", "Net Tangible Assets": "-", "Total Liabilities": "-", "Current Qtr.": "-328.60%", "Next Qtr.": "200.00%", "Current Year": "75.00%", "Next 5 Years (per annum)": "10.00%", "Forward Dividend & Yield": "-"}, "FIT": {"isIndexFund": "no", "colN": 59, "PE Ratio (TTM)": "N/A", "Bid": "6.43 x 27000", "Gross Profit": "-", "Net Income": "-", "Maincraft": "-", "Total Current Assets": "-", "Total Assets": "-", "Net Tangible Assets": "-", "Total Liabilities": "-", "Current Qtr.": "-78.60%", "Next Qtr.": "6.70%", "Current Year": "-80.00%", "Next 5 Years (per annum)": "22.50%", "Forward Dividend & Yield": "-"}, "SNAP": {"isIndexFund": "no", "colN": 61, "PE Ratio (TTM)": "N/A", "Bid": "16.66 x 1100", "Gross Profit": "-", "Net Income": "-", "Maincraft": "-", "Total Current Assets": "-", "Total Assets": "-", "Net Tangible Assets": "-", "Total Liabilities": "-", "Current Qtr.": "40.00%", "Next Qtr.": "66.70%", "Current Year": "118.80%", "Next 5 Years (per annum)": "67.40%", "Forward Dividend & Yield": "-"}, "CRON": {"isIndexFund": "no", "colN": 62, "PE Ratio (TTM)": "N/A", "Bid": "7.13 x 29200", "Gross Profit": "-", "Net Income": "-", "Maincraft": "-", "Total Current Assets": "-", "Total Assets": "-", "Net Tangible Assets": "-", "Total Liabilities": "-", "Current Qtr.": "-", "Next Qtr.": "-", "Current Year": "-", "Next 5 Years (per annum)": "-", "Forward Dividend & Yield": "-"}, "HEXO": {"isIndexFund": "no", "colN": 63, "PE Ratio (TTM)": "N/A", "Bid": "1.4200 x 900", "Gross Profit": "-", "Net Income": "-", "Maincraft": "-", "Total Current Assets": "-", "Total Assets": "-", "Net Tangible Assets": "-", "Total Liabilities": "-", "Current Qtr.": "-", "Next Qtr.": "-", "Current Year": "-", "Next 5 Years (per annum)": "-", "Forward Dividend & Yield": "-"}, "S": {"isIndexFund": "no", "colN": 65, "PE Ratio (TTM)": "N/A", "Bid": "10.00 x 39400", "Gross Profit": "-", "Net Income": "-", "Maincraft": "-", "Total Current Assets": "-", "Total Assets": "-", "Net Tangible Assets": "-", "Total Liabilities": "-", "Current Qtr.": "-50.00%", "Next Qtr.": "33.30%", "Current Year": "-1,800.00%", "Next 5 Years (per annum)": "-179.40%", "Forward Dividend & Yield": "-"}}